rank,candidate_id,name,title,final_score,llm_score,retrieval_score,justification
1,CAND-0007,Karthik Iyer,Principal Engineer,98,98,0.675,"Karthik Iyer's profile demonstrates exceptional technical skill alignment with the role's requirements, including proficiency in Go, Python, and distributed systems, as well as experience with cloud platforms and containerization. His career trajectory, leadership experience, and platform activity also indicate a strong cultural and behavioral fit, with a proven track record of designing and implementing scalable systems and mentoring junior engineers."
2,CAND-0001,Arjun Mehta,Senior Backend Engineer,95,95,0.8513,"Arjun Mehta's profile demonstrates exceptional technical skill alignment with the role's requirements, including proficiency in Python, Go, and distributed systems, as well as experience with cloud platforms, containerization, and orchestration. His career trajectory, leadership experience, and platform activity, including open-source contributions and GitHub presence, also indicate a strong cultural and behavioral fit for the Senior Backend Engineer position."
3,CAND-0019,Omar Sheikh,Software Engineer,95,95,0.838,"Omar Sheikh's profile demonstrates exceptional technical skill alignment with the role's requirements, including proficiency in Python, Go, and distributed systems, as well as experience with cloud platforms, containerization, and orchestration. His career trajectory, leadership signals, and cultural fit indicators, such as his experience at high-growth startups and open-source contributions, also strongly align with the job description's requirements and expectations."
4,CAND-0011,Rohan Das,Backend Engineer,92,92,0.8738,"Rohan Das's technical skills and experience align well with the job requirements, and his career trajectory demonstrates a strong background in backend development with notable achievements such as building Cred's real-time rewards processing pipeline. His platform activity, certifications, and mentoring experience also indicate a strong cultural and behavioral fit, with a bias for action and a demonstrated ability to lead and mentor others."
5,CAND-0002,Priya Sharma,Platform Engineer,92,92,0.8063,"Priya Sharma's technical skills and experience align well with the job requirements, and her career trajectory demonstrates a strong background in platform engineering with notable achievements, such as building auto-scaling infrastructure and guiding junior engineers to promotion. Her platform activity, including GitHub contributions and speaking engagements, also showcases her expertise and leadership potential, making her a strong fit for the Senior Backend Engineer role."
6,CAND-0017,Sameer Jain,Backend Engineer,92,92,0.7669,"Sameer Jain's profile demonstrates strong technical skill alignment with the role's requirements, including proficiency in Python, Go, and experience with cloud platforms, containerization, and orchestration. His career trajectory, open-source contributions, and leadership signals, such as building Zerodha's real-time market data pipeline and organizing Python meetups, indicate a high potential for success in the Senior Backend Engineer role."
7,CAND-0009,Amit Patel,Site Reliability Engineer,92,92,0.6519,"Amit Patel's profile demonstrates strong technical skill alignment with the role's requirements, including proficiency in Python, Go, and cloud platforms, as well as experience with distributed systems and observability stacks. His career trajectory and demonstrated impact, such as reducing incident response time by 60% at Google, also indicate a strong fit for the Senior Backend Engineer position, with his reliability-focused background and leadership signals through open-source contributions and community involvement."
8,CAND-0014,Sana Mirza,Cloud Architect,80,80,0.8124,"Sana Mirza's profile demonstrates strong technical skill alignment with the role's requirements, particularly in cloud platforms, infrastructure-as-code, and relevant programming languages, but may require a transition to a more hands-on backend coding role. The candidate's career trajectory, certifications, and platform activity indicate a high level of expertise and potential for leadership, but the shift from an architect to an engineer role may require some adaptation to the team's specific needs and expectations."
9,CAND-0006,Ananya Reddy,Backend Engineer,80,80,0.7483,"Ananya Reddy's profile demonstrates strong technical skill alignment with the role's requirements, particularly in Python, Django, and cloud platforms, with a solid foundation in backend development and experience with relevant technologies. However, the candidate's experience with distributed systems, event-driven architecture, and leadership roles is still growing, which may require additional development to fully meet the senior engineer role's expectations."
10,CAND-0016,Tanvi Bhatt,Engineering Manager,80,80,0.4303,"Tanvi Bhatt's technical skills and experience in distributed systems, Python, and Go align well with the job requirements, and her leadership experience as an engineering manager demonstrates strong potential for mentoring junior engineers and influencing architecture decisions. However, her recent transition to management and potential preference for a management track over an IC role may impact her fit for a senior backend engineer position that requires hands-on technical expertise."
11,CAND-0015,Aditya Kumar,ML Engineer,60,60,0.6877,"Aditya Kumar's background in backend development and experience with relevant technologies such as Python, Docker, and Kubernetes are notable, but his primary expertise in ML systems rather than general backend development may require additional ramp-up time to meet the role's requirements. Additionally, his 4 years of experience falls short of the 5+ years of professional backend development experience specified in the job description, which may impact his ability to immediately influence architecture decisions and mentor junior engineers."
12,CAND-0004,Sneha Kulkarni,DevOps Engineer,60,60,0.6764,"The candidate's strong background in DevOps, infrastructure automation, and experience with relevant technologies like AWS, Terraform, and Kubernetes are notable, but the lack of direct experience in application-level backend development and system design may hinder their ability to fully meet the job's requirements. Despite this, the candidate's contributions to open-source projects and certifications demonstrate a strong technical foundation and potential for growth into the senior backend engineer role."
13,CAND-0012,Fatima Khan,Security Engineer,40,40,0.5376,"Fatima Khan's background in security engineering and cybersecurity, although technically strong in Python and AWS, does not directly align with the core requirements of a Senior Backend Engineer role, which focuses on designing, building, and operating core services for a SaaS platform. However, her experience with Terraform, AWS, and IAM, along with her strong technical foundation, could be seen as transferable skills that might be valuable in a backend engineering context."
14,CAND-0013,Nikhil Gupta,Backend Developer,40,40,0.5047,"The candidate's technical skills do not align well with the job requirements, lacking experience in Python, Go, and other specified technologies, but they have a strong foundation in Java and some relevant experience with distributed systems and APIs. However, their willingness to learn new languages and moderate platform activity are positive indicators, although they may require significant upskilling to meet the role's expectations."
15,CAND-0018,Lakshmi Venkat,QA Automation Engineer,20,20,0.4457,"The candidate's technical skills do not align well with the job requirements, as their experience is primarily in QA automation rather than backend development, and they lack hands-on experience with cloud platforms, distributed systems, and relevant programming languages like Go. However, the candidate's strong Python skills and experience with Jenkins could be a starting point for growth into the role, but significant upskilling would be required to meet the job's expectations."
16,CAND-0020,Kavya Rao,Frontend Engineer,20,20,0.4356,"The candidate's skills and experience do not align with the job requirements, as they have a frontend background with limited backend and infrastructure experience, and lack proficiency in required technologies such as Python and Go. However, their strong foundation in design and development, as well as their interest in transitioning to full-stack, demonstrate some potential for growth and adaptability."
17,CAND-0003,Rahul Verma,Full Stack Developer,20,20,0.2614,"The candidate's skills and experience do not align with the job requirements, lacking proficiency in Python, Go, and distributed systems, and having limited backend systems experience. The candidate's background in frontend development and full stack experience with JavaScript and Node.js do not demonstrate the necessary technical skill alignment with the Senior Backend Engineer role."
18,CAND-0005,Vikram Singh,Data Scientist,20,20,0.1453,"The candidate's background in machine learning and data science does not align with the technical requirements of the senior backend engineer role, lacking experience in distributed systems, cloud platforms, and backend development. Despite the candidate's strong academic and research credentials, the lack of relevant technical skills and experience makes it challenging to consider them a strong fit for this position."
19,CAND-0008,Meera Nair,Junior Developer,20,20,0.127,"The candidate, Meera Nair, lacks the required 5+ years of professional backend development experience and relevant technical skills, such as experience with Go, distributed systems, and cloud platforms, making her a poor fit for the Senior Backend Engineer role. However, she demonstrates a strong foundation in programming fundamentals and a willingness to learn, which could be beneficial in a more junior or entry-level position with proper guidance and training."
20,CAND-0010,Deepa Joshi,Product Manager,0,0,0.1623,"The candidate profile does not align with the technical skill requirements of the Senior Backend Engineer role, lacking programming skills in Python, Go, and experience with cloud platforms, distributed systems, and containerization. The candidate's background is purely product and strategy focused, with no relevant experience in backend development, making them an unsuitable fit for the position."
